{"num_classes": 3, "loss_matrix": [[0.0, 1.3862943611198906, 2.772588722239781], [2.1972245773362196, 0.0, 1.3862943611198906], [3.2188758248682006, 2.1972245773362196, 0.0]]}